filename,category
bougainvillea_00002.jpg,BO
bougainvillea_00003.jpg,BO
bougainvillea_00004.jpg,BO
bougainvillea_00005.jpg,BO
bougainvillea_00006.jpg,BO
bougainvillea_00007.jpg,BO
bougainvillea_00008.jpg,BO
bougainvillea_00009.jpg,BO
bougainvillea_00010.jpg,BO
bougainvillea_00012.jpg,BO
bougainvillea_00013.jpg,BO
bougainvillea_00014.jpg,BO
bougainvillea_00015.jpg,BO
bougainvillea_00016.jpg,BO
bougainvillea_00017.jpg,BO
bougainvillea_00018.jpg,BO
bougainvillea_00019.jpg,BO
bougainvillea_00020.jpg,BO
bougainvillea_00021.jpg,BO
bougainvillea_00022.jpg,BO
bougainvillea_00023.jpg,BO
bougainvillea_00024.jpg,BO
bougainvillea_00025.jpg,BO
bougainvillea_00026.jpg,BO
bougainvillea_00027.jpg,BO
bougainvillea_00028.jpg,BO
bougainvillea_00029.jpg,BO
bougainvillea_00030.jpg,BO
bougainvillea_00031.jpg,BO
bougainvillea_00032.jpg,BO
bougainvillea_00033.jpg,BO
bougainvillea_00034.jpg,BO
bougainvillea_00035.jpg,BO
bougainvillea_00036.jpg,BO
bougainvillea_00037.jpg,BO
bougainvillea_00038.jpg,BO
bougainvillea_00039.jpg,BO
bougainvillea_00040.jpg,BO
bougainvillea_00041.jpg,BO
bougainvillea_00042.jpg,BO
bougainvillea_00043.jpg,BO
bougainvillea_00044.jpg,BO
bougainvillea_00045.jpg,BO
bougainvillea_00046.jpg,BO
bougainvillea_00047.jpg,BO
bougainvillea_00048.jpg,BO
bougainvillea_00049.jpg,BO
bougainvillea_00050.jpg,BO
bougainvillea_00051.jpg,BO
bougainvillea_00052.jpg,BO
bougainvillea_00053.jpg,BO
bougainvillea_00054.jpg,BO
bougainvillea_00055.jpg,BO
bougainvillea_00056.jpg,BO
bougainvillea_00057.jpg,BO
bougainvillea_00058.jpg,BO
bougainvillea_00059.jpg,BO
bougainvillea_00060.jpg,BO
bougainvillea_00061.jpg,BO
bougainvillea_00063.jpg,BO
bougainvillea_00064.jpg,BO
bougainvillea_00066.jpg,BO
bougainvillea_00067.jpg,BO
bougainvillea_00068.jpg,BO
bougainvillea_00069.jpg,BO
bougainvillea_00070.jpg,BO
bougainvillea_00072.jpg,BO
bougainvillea_00073.jpg,BO
bougainvillea_00074.jpg,BO
bougainvillea_00075.jpg,BO
bougainvillea_00076.jpg,BO
bougainvillea_00077.jpg,BO
bougainvillea_00078.jpg,BO
bougainvillea_00079.jpg,BO
daisies_00002.jpg,DA
daisies_00003.jpg,DA
daisies_00004.jpg,DA
daisies_00005.jpg,DA
daisies_00006.jpg,DA
daisies_00007.jpg,DA
daisies_00008.jpg,DA
daisies_00009.jpg,DA
daisies_00010.jpg,DA
daisies_00011.jpg,DA
daisies_00012.jpg,DA
daisies_00013.jpg,DA
daisies_00014.jpg,DA
daisies_00015.jpg,DA
daisies_00016.jpg,DA
daisies_00017.jpg,DA
daisies_00018.jpg,DA
daisies_00019.jpg,DA
daisies_00020.jpg,DA
daisies_00021.jpg,DA
daisies_00022.jpg,DA
daisies_00023.jpg,DA
daisies_00024.jpg,DA
daisies_00025.jpg,DA
daisies_00026.jpg,DA
daisies_00027.jpg,DA
daisies_00028.jpg,DA
daisies_00029.jpg,DA
daisies_00030.jpg,DA
daisies_00031.jpg,DA
daisies_00032.jpg,DA
daisies_00033.jpg,DA
daisies_00034.jpg,DA
daisies_00035.jpg,DA
daisies_00036.jpg,DA
daisies_00037.jpg,DA
daisies_00038.jpg,DA
daisies_00039.jpg,DA
daisies_00040.jpg,DA
daisies_00041.jpg,DA
daisies_00043.jpg,DA
daisies_00044.jpg,DA
daisies_00046.jpg,DA
daisies_00047.jpg,DA
daisies_00048.jpg,DA
daisies_00049.jpg,DA
daisies_00050.jpg,DA
daisies_00051.jpg,DA
daisies_00052.jpg,DA
daisies_00053.jpg,DA
daisies_00054.jpg,DA
daisies_00055.jpg,DA
daisies_00056.jpg,DA
daisies_00057.jpg,DA
daisies_00058.jpg,DA
daisies_00059.jpg,DA
daisies_00060.jpg,DA
daisies_00061.jpg,DA
daisies_00062.jpg,DA
daisies_00063.jpg,DA
daisies_00064.jpg,DA
daisies_00065.jpg,DA
daisies_00066.jpg,DA
daisies_00068.jpg,DA
daisies_00070.jpg,DA
daisies_00071.jpg,DA
daisies_00072.jpg,DA
daisies_00073.jpg,DA
daisies_00074.jpg,DA
daisies_00075.jpg,DA
daisies_00076.jpg,DA
daisies_00077.jpg,DA
daisies_00078.jpg,DA
daisies_00079.jpg,DA
daisies_00080.jpg,DA
daisies_00081.jpg,DA
daisies_00082.jpg,DA
daisies_00083.jpg,DA
daisies_00084.jpg,DA
daisies_00085.jpg,DA
daisies_00086.jpg,DA
daisies_00087.jpg,DA
daisies_00088.jpg,DA
gardenias_00002.jpg,GA
gardenias_00003.jpg,GA
gardenias_00004.jpg,GA
gardenias_00005.jpg,GA
gardenias_00006.jpg,GA
gardenias_00007.jpg,GA
gardenias_00008.jpg,GA
gardenias_00009.jpg,GA
gardenias_00010.jpg,GA
gardenias_00011.jpg,GA
gardenias_00012.jpg,GA
gardenias_00013.jpg,GA
gardenias_00014.jpg,GA
gardenias_00015.jpg,GA
gardenias_00016.jpg,GA
gardenias_00018.jpg,GA
gardenias_00019.jpg,GA
gardenias_00020.jpg,GA
gardenias_00021.jpg,GA
gardenias_00022.jpg,GA
gardenias_00023.jpg,GA
gardenias_00024.jpg,GA
gardenias_00025.jpg,GA
gardenias_00026.jpg,GA
gardenias_00027.jpg,GA
gardenias_00028.jpg,GA
gardenias_00029.jpg,GA
gardenias_00030.jpg,GA
gardenias_00031.jpg,GA
gardenias_00032.jpg,GA
gardenias_00034.jpg,GA
gardenias_00035.jpg,GA
gardenias_00036.jpg,GA
gardenias_00037.jpg,GA
gardenias_00038.jpg,GA
gardenias_00039.jpg,GA
gardenias_00040.jpg,GA
gardenias_00041.jpg,GA
gardenias_00042.jpg,GA
gardenias_00043.jpg,GA
gardenias_00045.jpg,GA
gardenias_00046.jpg,GA
gardenias_00047.jpg,GA
gardenias_00048.jpg,GA
gardenias_00049.jpg,GA
gardenias_00051.jpg,GA
gardenias_00052.jpg,GA
gardenias_00054.jpg,GA
gardenias_00055.jpg,GA
gardenias_00056.jpg,GA
gardenias_00057.jpg,GA
gardenias_00058.jpg,GA
gardenias_00059.jpg,GA
gardenias_00060.jpg,GA
gardenias_00063.jpg,GA
gardenias_00064.jpg,GA
gardenias_00065.jpg,GA
gardenias_00066.jpg,GA
gardenias_00067.jpg,GA
gardenias_00068.jpg,GA
gardenias_00069.jpg,GA
gardenias_00070.jpg,GA
gardenias_00071.jpg,GA
gardenias_00072.jpg,GA
gardenias_00073.jpg,GA
gardenias_00075.jpg,GA
gardenias_00076.jpg,GA
gardenias_00077.jpg,GA
gardenias_00078.jpg,GA
gardenias_00079.jpg,GA
gardenias_00080.jpg,GA
gardenias_00081.jpg,GA
gardenias_00082.jpg,GA
gardenias_00083.jpg,GA
gardenias_00084.jpg,GA
gardenias_00085.jpg,GA
gardenias_00086.jpg,GA
garden_roses_00003.jpg,RO
garden_roses_00005.jpg,RO
garden_roses_00006.jpg,RO
garden_roses_00007.jpg,RO
garden_roses_00008.jpg,RO
garden_roses_00009.jpg,RO
garden_roses_00011.jpg,RO
garden_roses_00012.jpg,RO
garden_roses_00013.jpg,RO
garden_roses_00014.jpg,RO
garden_roses_00015.jpg,RO
garden_roses_00016.jpg,RO
garden_roses_00017.jpg,RO
garden_roses_00018.jpg,RO
garden_roses_00019.jpg,RO
garden_roses_00020.jpg,RO
garden_roses_00022.jpg,RO
garden_roses_00023.jpg,RO
garden_roses_00024.jpg,RO
garden_roses_00025.jpg,RO
garden_roses_00026.jpg,RO
garden_roses_00027.jpg,RO
garden_roses_00028.jpg,RO
garden_roses_00030.jpg,RO
garden_roses_00031.jpg,RO
garden_roses_00032.jpg,RO
garden_roses_00033.jpg,RO
garden_roses_00034.jpg,RO
garden_roses_00035.jpg,RO
garden_roses_00036.jpg,RO
garden_roses_00037.jpg,RO
garden_roses_00038.jpg,RO
garden_roses_00039.jpg,RO
garden_roses_00040.jpg,RO
garden_roses_00041.jpg,RO
garden_roses_00042.jpg,RO
garden_roses_00043.jpg,RO
garden_roses_00045.jpg,RO
garden_roses_00046.jpg,RO
garden_roses_00047.jpg,RO
garden_roses_00049.jpg,RO
garden_roses_00050.jpg,RO
garden_roses_00051.jpg,RO
garden_roses_00052.jpg,RO
garden_roses_00053.jpg,RO
garden_roses_00054.jpg,RO
garden_roses_00055.jpg,RO
garden_roses_00057.jpg,RO
garden_roses_00058.jpg,RO
garden_roses_00060.jpg,RO
garden_roses_00061.jpg,RO
garden_roses_00062.jpg,RO
garden_roses_00063.jpg,RO
garden_roses_00065.jpg,RO
garden_roses_00066.jpg,RO
garden_roses_00067.jpg,RO
garden_roses_00068.jpg,RO
garden_roses_00069.jpg,RO
garden_roses_00070.jpg,RO
garden_roses_00071.jpg,RO
garden_roses_00072.jpg,RO
garden_roses_00073.jpg,RO
garden_roses_00074.jpg,RO
garden_roses_00075.jpg,RO
garden_roses_00076.jpg,RO
garden_roses_00077.jpg,RO
garden_roses_00078.jpg,RO
garden_roses_00079.jpg,RO
garden_roses_00080.jpg,RO
garden_roses_00083.jpg,RO
garden_roses_00084.jpg,RO
garden_roses_00085.jpg,RO
garden_roses_00086.jpg,RO
garden_roses_00087.jpg,RO
hibiscus_00002.jpg,HI
hibiscus_00003.jpg,HI
hibiscus_00004.jpg,HI
hibiscus_00005.jpg,HI
hibiscus_00006.jpg,HI
hibiscus_00007.jpg,HI
hibiscus_00009.jpg,HI
hibiscus_00010.jpg,HI
hibiscus_00011.jpg,HI
hibiscus_00012.jpg,HI
hibiscus_00014.jpg,HI
hibiscus_00015.jpg,HI
hibiscus_00016.jpg,HI
hibiscus_00018.jpg,HI
hibiscus_00019.jpg,HI
hibiscus_00021.jpg,HI
hibiscus_00022.jpg,HI
hibiscus_00025.jpg,HI
hibiscus_00027.jpg,HI
hibiscus_00028.jpg,HI
hibiscus_00029.jpg,HI
hibiscus_00030.jpg,HI
hibiscus_00031.jpg,HI
hibiscus_00032.jpg,HI
hibiscus_00034.jpg,HI
hibiscus_00036.jpg,HI
hibiscus_00037.jpg,HI
hibiscus_00038.jpg,HI
hibiscus_00039.jpg,HI
hibiscus_00040.jpg,HI
hibiscus_00041.jpg,HI
hibiscus_00042.jpg,HI
hibiscus_00043.jpg,HI
hibiscus_00044.jpg,HI
hibiscus_00045.jpg,HI
hibiscus_00046.jpg,HI
hibiscus_00047.jpg,HI
hibiscus_00048.jpg,HI
hibiscus_00049.jpg,HI
hibiscus_00050.jpg,HI
hibiscus_00051.jpg,HI
hibiscus_00052.jpg,HI
hibiscus_00053.jpg,HI
hibiscus_00054.jpg,HI
hibiscus_00055.jpg,HI
hibiscus_00056.jpg,HI
hibiscus_00057.jpg,HI
hibiscus_00058.jpg,HI
hibiscus_00059.jpg,HI
hibiscus_00060.jpg,HI
hibiscus_00061.jpg,HI
hibiscus_00062.jpg,HI
hibiscus_00063.jpg,HI
hibiscus_00064.jpg,HI
hibiscus_00065.jpg,HI
hibiscus_00066.jpg,HI
hibiscus_00067.jpg,HI
hibiscus_00068.jpg,HI
hibiscus_00069.jpg,HI
hibiscus_00070.jpg,HI
hibiscus_00071.jpg,HI
hibiscus_00072.jpg,HI
hibiscus_00073.jpg,HI
hibiscus_00074.jpg,HI
hibiscus_00075.jpg,HI
hibiscus_00076.jpg,HI
hibiscus_00077.jpg,HI
hibiscus_00078.jpg,HI
hibiscus_00079.jpg,HI
hibiscus_00080.jpg,HI
hibiscus_00081.jpg,HI
hibiscus_00082.jpg,HI
hibiscus_00083.jpg,HI
hibiscus_00084.jpg,HI
hydrangeas_00002.jpg,HY
hydrangeas_00003.jpg,HY
hydrangeas_00004.jpg,HY
hydrangeas_00005.jpg,HY
hydrangeas_00006.jpg,HY
hydrangeas_00007.jpg,HY
hydrangeas_00008.jpg,HY
hydrangeas_00009.jpg,HY
hydrangeas_00010.jpg,HY
hydrangeas_00012.jpg,HY
hydrangeas_00013.jpg,HY
hydrangeas_00014.jpg,HY
hydrangeas_00015.jpg,HY
hydrangeas_00016.jpg,HY
hydrangeas_00017.jpg,HY
hydrangeas_00018.jpg,HY
hydrangeas_00019.jpg,HY
hydrangeas_00020.jpg,HY
hydrangeas_00021.jpg,HY
hydrangeas_00022.jpg,HY
hydrangeas_00024.jpg,HY
hydrangeas_00026.jpg,HY
hydrangeas_00027.jpg,HY
hydrangeas_00028.jpg,HY
hydrangeas_00029.jpg,HY
hydrangeas_00030.jpg,HY
hydrangeas_00031.jpg,HY
hydrangeas_00032.jpg,HY
hydrangeas_00033.jpg,HY
hydrangeas_00034.jpg,HY
hydrangeas_00035.jpg,HY
hydrangeas_00036.jpg,HY
hydrangeas_00037.jpg,HY
hydrangeas_00038.jpg,HY
hydrangeas_00040.jpg,HY
hydrangeas_00043.jpg,HY
hydrangeas_00044.jpg,HY
hydrangeas_00045.jpg,HY
hydrangeas_00046.jpg,HY
hydrangeas_00047.jpg,HY
hydrangeas_00048.jpg,HY
hydrangeas_00049.jpg,HY
hydrangeas_00051.jpg,HY
hydrangeas_00052.jpg,HY
hydrangeas_00054.jpg,HY
hydrangeas_00055.jpg,HY
hydrangeas_00056.jpg,HY
hydrangeas_00057.jpg,HY
hydrangeas_00058.jpg,HY
hydrangeas_00059.jpg,HY
hydrangeas_00060.jpg,HY
hydrangeas_00061.jpg,HY
hydrangeas_00063.jpg,HY
hydrangeas_00064.jpg,HY
hydrangeas_00066.jpg,HY
hydrangeas_00067.jpg,HY
hydrangeas_00068.jpg,HY
hydrangeas_00069.jpg,HY
hydrangeas_00070.jpg,HY
hydrangeas_00071.jpg,HY
lilies_00002.jpg,LI
lilies_00003.jpg,LI
lilies_00004.jpg,LI
lilies_00005.jpg,LI
lilies_00006.jpg,LI
lilies_00007.jpg,LI
lilies_00008.jpg,LI
lilies_00009.jpg,LI
lilies_00010.jpg,LI
lilies_00011.jpg,LI
lilies_00012.jpg,LI
lilies_00013.jpg,LI
lilies_00014.jpg,LI
lilies_00015.jpg,LI
lilies_00016.jpg,LI
lilies_00017.jpg,LI
lilies_00018.jpg,LI
lilies_00019.jpg,LI
lilies_00020.jpg,LI
lilies_00021.jpg,LI
lilies_00022.jpg,LI
lilies_00023.jpg,LI
lilies_00024.jpg,LI
lilies_00025.jpg,LI
lilies_00026.jpg,LI
lilies_00027.jpg,LI
lilies_00028.jpg,LI
lilies_00029.jpg,LI
lilies_00030.jpg,LI
lilies_00032.jpg,LI
lilies_00033.jpg,LI
lilies_00034.jpg,LI
lilies_00035.jpg,LI
lilies_00036.jpg,LI
lilies_00037.jpg,LI
lilies_00038.jpg,LI
lilies_00039.jpg,LI
lilies_00040.jpg,LI
lilies_00041.jpg,LI
lilies_00042.jpg,LI
lilies_00044.jpg,LI
lilies_00045.jpg,LI
lilies_00048.jpg,LI
lilies_00049.jpg,LI
lilies_00051.jpg,LI
lilies_00052.jpg,LI
lilies_00053.jpg,LI
lilies_00054.jpg,LI
lilies_00055.jpg,LI
lilies_00057.jpg,LI
lilies_00058.jpg,LI
lilies_00059.jpg,LI
lilies_00060.jpg,LI
lilies_00061.jpg,LI
lilies_00062.jpg,LI
lilies_00063.jpg,LI
lilies_00064.jpg,LI
lilies_00065.jpg,LI
lilies_00066.jpg,LI
lilies_00067.jpg,LI
lilies_00068.jpg,LI
lilies_00069.jpg,LI
lilies_00070.jpg,LI
lilies_00071.jpg,LI
lilies_00072.jpg,LI
lilies_00073.jpg,LI
lilies_00074.jpg,LI
lilies_00075.jpg,LI
lilies_00076.jpg,LI
lilies_00077.jpg,LI
lilies_00078.jpg,LI
lilies_00079.jpg,LI
lilies_00080.jpg,LI
lilies_00081.jpg,LI
lilies_00082.jpg,LI
lilies_00083.jpg,LI
lilies_00084.jpg,LI
lilies_00085.jpg,LI
lilies_00086.jpg,LI
lilies_00087.jpg,LI
lilies_00088.jpg,LI
orchids_00002.jpg,OR
orchids_00003.jpg,OR
orchids_00004.jpg,OR
orchids_00005.jpg,OR
orchids_00006.jpg,OR
orchids_00007.jpg,OR
orchids_00008.jpg,OR
orchids_00009.jpg,OR
orchids_00010.jpg,OR
orchids_00011.jpg,OR
orchids_00012.jpg,OR
orchids_00013.jpg,OR
orchids_00014.jpg,OR
orchids_00015.jpg,OR
orchids_00016.jpg,OR
orchids_00017.jpg,OR
orchids_00018.jpg,OR
orchids_00019.jpg,OR
orchids_00020.jpg,OR
orchids_00021.jpg,OR
orchids_00022.jpg,OR
orchids_00023.jpg,OR
orchids_00024.jpg,OR
orchids_00025.jpg,OR
orchids_00026.jpg,OR
orchids_00027.jpg,OR
orchids_00028.jpg,OR
orchids_00029.jpg,OR
orchids_00030.jpg,OR
orchids_00031.jpg,OR
orchids_00032.jpg,OR
orchids_00033.jpg,OR
orchids_00034.jpg,OR
orchids_00035.jpg,OR
orchids_00036.jpg,OR
orchids_00037.jpg,OR
orchids_00038.jpg,OR
orchids_00039.jpg,OR
orchids_00040.jpg,OR
orchids_00041.jpg,OR
orchids_00042.jpg,OR
orchids_00044.jpg,OR
orchids_00045.jpg,OR
orchids_00046.jpg,OR
orchids_00047.jpg,OR
orchids_00048.jpg,OR
orchids_00049.jpg,OR
orchids_00050.jpg,OR
orchids_00051.jpg,OR
orchids_00052.jpg,OR
orchids_00053.jpg,OR
orchids_00054.jpg,OR
orchids_00055.jpg,OR
orchids_00056.jpg,OR
orchids_00057.jpg,OR
orchids_00058.jpg,OR
orchids_00059.jpg,OR
orchids_00060.jpg,OR
orchids_00061.jpg,OR
orchids_00062.jpg,OR
orchids_00064.jpg,OR
orchids_00065.jpg,OR
orchids_00066.jpg,OR
orchids_00067.jpg,OR
peonies_00002.jpg,PE
peonies_00003.jpg,PE
peonies_00004.jpg,PE
peonies_00005.jpg,PE
peonies_00006.jpg,PE
peonies_00008.jpg,PE
peonies_00009.jpg,PE
peonies_00010.jpg,PE
peonies_00011.jpg,PE
peonies_00012.jpg,PE
peonies_00013.jpg,PE
peonies_00014.jpg,PE
peonies_00015.jpg,PE
peonies_00016.jpg,PE
peonies_00017.jpg,PE
peonies_00018.jpg,PE
peonies_00019.jpg,PE
peonies_00020.jpg,PE
peonies_00021.jpg,PE
peonies_00022.jpg,PE
peonies_00024.jpg,PE
peonies_00025.jpg,PE
peonies_00026.jpg,PE
peonies_00027.jpg,PE
peonies_00028.jpg,PE
peonies_00029.jpg,PE
peonies_00030.jpg,PE
peonies_00031.jpg,PE
peonies_00032.jpg,PE
peonies_00033.jpg,PE
peonies_00034.jpg,PE
peonies_00035.jpg,PE
peonies_00036.jpg,PE
peonies_00037.jpg,PE
peonies_00038.jpg,PE
peonies_00039.jpg,PE
peonies_00040.jpg,PE
peonies_00041.jpg,PE
peonies_00042.jpg,PE
peonies_00043.jpg,PE
peonies_00044.jpg,PE
peonies_00045.jpg,PE
peonies_00046.jpg,PE
peonies_00047.jpg,PE
peonies_00048.jpg,PE
peonies_00049.jpg,PE
peonies_00051.jpg,PE
peonies_00052.jpg,PE
peonies_00053.jpg,PE
peonies_00054.jpg,PE
peonies_00055.jpg,PE
peonies_00056.jpg,PE
peonies_00057.jpg,PE
peonies_00058.jpg,PE
peonies_00059.jpg,PE
peonies_00060.jpg,PE
peonies_00061.jpg,PE
peonies_00062.jpg,PE
peonies_00063.jpg,PE
peonies_00064.jpg,PE
peonies_00065.jpg,PE
peonies_00066.jpg,PE
peonies_00067.jpg,PE
peonies_00068.jpg,PE
peonies_00069.jpg,PE
peonies_00070.jpg,PE
peonies_00071.jpg,PE
peonies_00072.jpg,PE
peonies_00073.jpg,PE
peonies_00075.jpg,PE
peonies_00077.jpg,PE
peonies_00078.jpg,PE
peonies_00079.jpg,PE
peonies_00080.jpg,PE
peonies_00081.jpg,PE
tulip_00002.jpg,TU
tulip_00003.jpg,TU
tulip_00004.jpg,TU
tulip_00005.jpg,TU
tulip_00006.jpg,TU
tulip_00007.jpg,TU
tulip_00008.jpg,TU
tulip_00009.jpg,TU
tulip_00010.jpg,TU
tulip_00011.jpg,TU
tulip_00012.jpg,TU
tulip_00013.jpg,TU
tulip_00014.jpg,TU
tulip_00015.jpg,TU
tulip_00016.jpg,TU
tulip_00017.jpg,TU
tulip_00018.jpg,TU
tulip_00019.jpg,TU
tulip_00020.jpg,TU
tulip_00021.jpg,TU
tulip_00022.jpg,TU
tulip_00023.jpg,TU
tulip_00024.jpg,TU
tulip_00025.jpg,TU
tulip_00026.jpg,TU
tulip_00027.jpg,TU
tulip_00028.jpg,TU
tulip_00029.jpg,TU
tulip_00030.jpg,TU
tulip_00031.jpg,TU
tulip_00032.jpg,TU
tulip_00033.jpg,TU
tulip_00034.jpg,TU
tulip_00035.jpg,TU
tulip_00036.jpg,TU
tulip_00037.jpg,TU
tulip_00040.jpg,TU
tulip_00041.jpg,TU
tulip_00045.jpg,TU
tulip_00046.jpg,TU
tulip_00048.jpg,TU
tulip_00049.jpg,TU
tulip_00050.jpg,TU
tulip_00051.jpg,TU
tulip_00052.jpg,TU
tulip_00053.jpg,TU
tulip_00054.jpg,TU
tulip_00056.jpg,TU
tulip_00057.jpg,TU
tulip_00058.jpg,TU
tulip_00059.jpg,TU
tulip_00061.jpg,TU
tulip_00062.jpg,TU
tulip_00063.jpg,TU
tulip_00064.jpg,TU
tulip_00065.jpg,TU
tulip_00066.jpg,TU
tulip_00067.jpg,TU
tulip_00068.jpg,TU
tulip_00069.jpg,TU
tulip_00070.jpg,TU
tulip_00071.jpg,TU
tulip_00074.jpg,TU
tulip_00075.jpg,TU
tulip_00076.jpg,TU
tulip_00077.jpg,TU
tulip_00079.jpg,TU
tulip_00080.jpg,TU
tulip_00081.jpg,TU
tulip_00083.jpg,TU
tulip_00084.jpg,TU
